<?xml version="1.0" encoding="UTF-8"?>
<openerp>
    <data noupdate="0">
		<record model="ir.module.category" id="module_hr_emprunt">
            <field name="name">Gestion des emprunts</field>
            <field name="description">Module de gestion des emprunts</field>
            <field name="sequence">2</field>
        </record>


		<record id="emprunt_user" model="res.groups">
     		<field name="name">User</field>
			<field name="implied_ids" eval="[(4, ref('base.group_user'))]"/>
			<field name="category_id" ref="module_hr_emprunt"/>
    	</record>
    	<record id="emprunt_manager" model="res.groups">
     		<field name="name">Manager</field>
			<field name="implied_ids" eval="[(4, ref('hr.group_hr_manager')), (4,ref('hr_emprunt.emprunt_user'))]"/>
			<field name="category_id" ref="module_hr_emprunt"/>
    	</record>

    </data>

	<data noupdate="0">
		<record id="hr_emprunt_user_rule" model="ir.rule">
			<field name="name">Emprunts personnels</field>
			<field ref="model_hr_emprunt_demande" name="model_id"/>
			<field name="domain_force">[('user_id','=',user.id)]</field>
			<field name="groups" eval="[(4, ref('hr_emprunt.emprunt_user'))]"/>
		</record>

		<record id="hr_emprunt_manager_rule" model="ir.rule">
			<field name="name">Emprunts Manager</field>
			<field ref="model_hr_emprunt_demande" name="model_id"/>
			<field name="domain_force">[(1,'=', 1)]</field>
			<field name="groups" eval="[(4, ref('hr_emprunt.emprunt_manager'))]"/>
		</record>

		<!-- Les rêgles sur les échéanciers -->
		<record id="hr_emprunt_loaning_user_rule" model="ir.rule">
			<field name="name">Echéanciers personnels</field>
			<field ref="model_hr_emprunt_loaning" name="model_id"/>
			<field name="domain_force">[('employee_id.user_id','=',user.id)]</field>
			<field name="groups" eval="[(4, ref('hr_emprunt.emprunt_user'))]"/>
		</record>

		<record id="hr_emprunt_loaning_manager_rule" model="ir.rule">
			<field name="name">Échéanciers Manager</field>
			<field ref="model_hr_emprunt_loaning" name="model_id"/>
			<field name="domain_force">[(1,'=', 1)]</field>
			<field name="groups" eval="[(4, ref('hr_emprunt.emprunt_manager'))]"/>
		</record>
	</data>
</openerp>