<?xml version="1.0" encoding="UTF-8" ?>
<odoo>
    <data>
        <record id="ir_cron_hoolidays_auto" model="ir.cron">
            <field name="name">HR Holidays: Attribution automatique des congés</field>
            <field name="model_id" ref="model_hr_employee"/>
            <field name="type">ir.actions.server</field>
             <field name="state">code</field>
            <field name="code">model.compute_holidays_auto()</field>
            <field name="interval_number">1</field>
            <field name="interval_type">days</field>
            <field name="numbercall">-1</field>
        </record>
        <record id="ir_cron_hoolidays_anciennete_auto" model="ir.cron">
            <field name="name">HR Holidays: Attribution des congés selon l'anciennété</field>
            <field name="model_id" ref="model_hr_employee"/>
            <field name="type">ir.actions.server</field>
             <field name="state">code</field>
            <field name="code">model.compute_holidays_anciennete_auto()</field>
            <field name="interval_number">12</field>
            <field name="interval_type">days</field>
            <field name="numbercall">-1</field>
        </record>
    </data>

</odoo>
