id,name,model_id:id,group_id:id,perm_read,perm_write,perm_create,perm_unlink
access_hr_payroll_analyse,hr.payroll.analyse,model_hr_payroll_analyse,hr.group_hr_manager,1,1,1,1
access_hr_payroll_disa,hr.payroll.disa,model_hr_payroll_disa,hr.group_hr_manager,1,1,1,1
access_hr_payroll_fdfp,hr.payroll.fdfp,model_hr_payroll_fdfp,hr.group_hr_manager,1,1,1,1
access_hr_payroll_payroll,hr.payroll.payroll,model_hr_payroll_payroll,hr.group_hr_manager,1,1,1,1
access_hr_disa_line,hr.disa.line,model_hr_disa_line,hr.group_hr_manager,1,1,1,1
access_hr_dasc,hr.dasc,model_hr_dasc,hr.group_hr_manager,1,1,1,1