<?xml version="1.0" encoding="UTF-8"?>
<openerp>
    <data>
        <record id="emprunt_suspension_notif" model="mail.template">
            <field name="name">Suspension de paiement emprunt</field>
            <field name="email_from">${(user.company_id.email or'')|safe }</field>
            <field name="email_to">${(object.loaning_id.employee_id.work_email or '')|safe}</field>
            <field name="email_cc"></field>
            <field name="subject">Suspension de paiement d'emprunt : ${(object.name or '')|safe }</field>
            <field name="model_id" ref="model_hr_emprunt_loaning_line"/>
            <field name="auto_delete" eval="True"/>
            <field name="lang">${user.company_id.lang}</field>
            <field name="body_html"><![CDATA[
            <p>Salut à vous,</p>
            <br/>
            <br/>
            <p>Le paiement de l'écheance ${(object.name or '')|safe} ayant pour montant ${(object.montant_restant or '')|safe}
            a été suspendu.</p>
            <br/>
            <p>Cordialement.</p>
            ]]></field>
        </record>
    </data>
</openerp>