<?xml version="1.0" encoding="UTF-8"?>
<odoo>
    <data>
        <record id="email_manager_template_holidays" model="mail.template">
            <field name="name">Demande de congés</field>
            <field name="email_from">${(object.employee_id.company_id.email or'')|safe }</field>
            <!--<field name="email_to">${(object.user_id.email or '')|safe}</field>-->
            <field name="email_to">${(object.company_id.hr_manager_id.work_email or '')|safe}</field>
            <field name="subject">Demande de conges de Mr/Mme/Mlle ${object.employee_id.name}</field>
            <field name="model_id" ref="model_hr_leave"/>
            <field name="auto_delete" eval="True"/>
            <field name="lang">${object.employee_id.user_id.lang}</field>
            <field name="body_html" type="html">
                <div style="margin: 0px; padding: 0px;">
                    <p style="margin: 0px; padding: 0px; font-size: 13px;">
                        <p>Bonjour M/Mme ,</p>
                        <p>Vous venez de recevoir la demande de congés de M/Mme/Mlle ${object.employee_id.name}.</p>

                        <p>Résumé des congés</p>
                        Congés pris : ${object.number_of_days}
                        Congés restants : ${object.employee_id.holidays_legal_leaves}
                    </p>
                    <p>Cordialement!!!</p>
                </div>


            </field>

        </record>
    </data>
</odoo>