<odoo>
	<data>
		<record id="module1_security_rule_contract" model="ir.rule">
			    <field name="name">Restrict sur les contrats par société</field>
			    <field name="model_id" ref="model_hr_contract"/>
			    <field name="groups" eval="[(4, ref('hr.group_hr_manager'))]"/>
			 <!--    <field name="perm_read" eval="0"/>
			 <field name="perm_write" eval="0"/>
			 <field name="perm_create" eval="0"/>
			 <field name="perm_unlink" eval="1" /> -->
			 
			    <field name="domain_force">[('res_company_id','=',user.company_id.id)]</field>
		</record>
		
	<record id="module1_security_rule_employee" model="ir.rule">
		    <field name="name">Restrict sur les employes par société</field>
		    <field name="model_id" ref="hr.model_hr_employee"/>
		    <field name="groups" eval="[(4, ref('hr.group_hr_manager'))]"/>
		 <field name="perm_read" eval="1"/>
		 <field name="perm_write" eval="1"/>
		 <field name="perm_create" eval="1"/>
		 <field name="perm_unlink" eval="1" />
		 
		    <field name="domain_force">['|',('company_id','=',user.company_id.id),('company_id','=',False)]</field>
	</record>

	
		
		<record id="module1_security_rule_employee_bulletin" model="ir.rule">
		    <field name="name">Restrict sur les bulletins des employes par société</field>
		    <field name="model_id" ref="model_hr_payslip"/>
		    <field name="groups" eval="[(4, ref('hr_payroll.group_hr_payroll_manager'))]"/>
		 <field name="perm_read" eval="1"/>
		 <field name="perm_write" eval="1"/>
		 <field name="perm_create" eval="1"/>
		 <field name="perm_unlink" eval="1" />
		 
		    <field name="domain_force">[('company_id','=',user.company_id.id)]</field>
	</record>


	<record id="module1_security_rule_employee_departement" model="ir.rule">
		    <field name="name">Restrict sur les départements des employes par société</field>
		    <field name="model_id" ref="model_hr_department"/>
		    <field name="groups" eval="[(4, ref('hr.group_hr_manager'))]"/>
		 <field name="perm_read" eval="1"/>
		 <field name="perm_write" eval="1"/>
		 <field name="perm_create" eval="1"/>
		 <field name="perm_unlink" eval="1" />
		 
		    <field name="domain_force">[('company_id','=',user.company_id.id)]</field>
	</record>

	<!-- <record id="module1_security_rule_employee_poste" model="ir.rule">
		    <field name="name">Restrict sur les postes des employes par société</field>
		    <field name="model_id" ref="model_hr_employee"/>
		    <field name="groups" eval="[(4, ref('hr.group_hr_manager'))]"/>
		 <field name="perm_read" eval="1"/>
		 <field name="perm_write" eval="1"/>
		 <field name="perm_create" eval="1"/>
		 <field name="perm_unlink" eval="1" />
		 
		    <field name="domain_force">[('company_id','=',user.company_id.id)]</field>
	</record> -->

	</data>
</odoo>

