id,name,model_id/id,group_id/id,perm_read,perm_write,perm_create,perm_unlink
access_wizard_employee_stage_manager,wizard.employee.stage.manager,model_wizard_employee_stage,hr.group_hr_manager,1,1,1,1
access_wizard_employee_stage_hr_user,wizard.employee.stage.user,model_wizard_employee_stage,hr.group_hr_user,1,1,1,0
access_hr_employee_status_history_manager,hr.employee.status.history.manager,model_hr_employee_status_history,hr.group_hr_manager,1,1,1,1
access_hr_employee_status_history_hr_user,hr.employee.status.history.user,model_hr_employee_status_history,hr.group_hr_user,1,1,1,0


