<?xml version="1.0" encoding="UTF-8"?>
<odoo>
	<data noupdate="1">
		<record id="rule_tx_cgrae_employee" model="hr.salary.rule">
			<field name="name">Taux CGRAE Employé</field>
			<field name="sequence">10</field>
			<field name="code">TX_CGRAE_EMP</field>
			<field name="category_id" ref="hr_payroll_ci.cat_autres"/>
			<field name="condition_select">none</field>
			<field name="amount_select">code</field>
			<field name="condition_python">texte test</field>
			<field name="amount_python_compute">result = payslip.company_id.tx_cgrae_employee</field>
			<field name="struct_id">1</field>
		</record>
<!--		<record id="rule_tx_cgrae_employer" model="hr.salary.rule">-->
<!--			<field name="name">Taux CGRAE Employeur</field>-->
<!--			<field name="sequence">11</field>-->
<!--			<field name="code">TX_CGRAE_EMPL</field>-->
<!--			<field name="category_id" ref="hr_payroll_ci.cat_autres"/>-->
<!--			<field name="condition_select">none</field>-->
<!--			<field name="amount_select">code</field>-->
<!--			<field name="amount_python_compute">result = payslip.company_id.tx_cgrae_employer</field>-->
<!--		</record>-->
<!--		<record id="rule_cgrae_employee" model="hr.salary.rule">-->
<!--			<field name="name">CGRAE Part Employé</field>-->
<!--			<field name="sequence">404</field>-->
<!--			<field name="code">CGRAE_E</field>-->
<!--			<field name="category_id" ref="hr_payroll_ci.cat_ret_emp"/>-->
<!--			<field name="condition_select">none</field>-->
<!--			<field name="amount_select">percentage</field>-->
<!--			<field name="amount_percentage_base">BASE</field>-->
<!--			<field name="amount_percentage">1</field>-->
<!--			<field name="quantity">TX_CGRAE_EMP / 100</field>-->
<!--		</record>-->
<!--		<record id="rule_cgrae_employer" model="hr.salary.rule">-->
<!--			<field name="name">CGRAE Part patronale</field>-->
<!--			<field name="sequence">1001</field>-->
<!--			<field name="code">CGRAE_P</field>-->
<!--			<field name="category_id" ref="hr_payroll_ci.cat_cpatr"/>-->
<!--			<field name="condition_select">none</field>-->
<!--			<field name="amount_select">percentage</field>-->
<!--			<field name="amount_percentage_base">BASE</field>-->
<!--			<field name="amount_percentage">1</field>-->
<!--			<field name="quantity">TX_CGRAE_EMPL / 100</field>-->
<!--		</record>-->

	</data>
</odoo>
